,sensor_0,sensor_1,sensor_2,sensor_3,sensor_4,sensor_5,sensor_6,sensor_7,sensor_8,sensor_9,sensor_10,sensor_11,sensor_12,sensor_13,sensor_14,sensor_15,sensor_16,sensor_17,sensor_18,sensor_19,sensor_20,sensor_21,sensor_22,sensor_23,sensor_24
0,0.34018632364657114,0.2781950140969541,0.3067001993813301,0.2745618460830234,0.23786028461814268,0.32670515009179524,0.2767254598140891,0.24016787340779452,0.29758845876487316,0.2325475362858651,0.31730318092024506,0.265065740261407,0.31247554935416855,0.281899998406581,0.2793496401959267,0.3188183644890053,0.3020427869507449,0.2733368608873532,0.2933073962346878,0.30512001287413004,0.29707024802676335,0.32318645823430114,0.2696891751990556,0.26748536038334564,0.2799492087624055
1,0.3110714983884232,0.25038509466067693,0.27886189811680845,0.2469818289441372,0.2117549727941373,0.29850348556227446,0.24936265584039424,0.2144883591001485,0.26800192402200307,0.2069701094652596,0.28860981955986853,0.23867723473252084,0.2845443776213392,0.2542668984489972,0.25225179782953455,0.290760995194941,0.2729980232031724,0.2453486622385158,0.2660843766835288,0.2764062281741611,0.2698231596221372,0.294771713904668,0.24291545944790072,0.2404814193750847,0.2529184734526155
2,0.28225636125593545,0.2231993969690044,0.25181692283842433,0.2203848216591688,0.18687556731634544,0.27090186010045997,0.22303044237668346,0.19012591621064345,0.23869251987741374,0.182635410863576,0.26040464066325664,0.21331637232616582,0.25744723390832835,0.22745677070631984,0.22608455908069555,0.2633376968657247,0.24434916558302555,0.21821962404702802,0.2397450786318609,0.2482445172020312,0.24353298685652885,0.2670476582901088,0.21711288435027998,0.21440695728521142,0.2269996704255517
3,0.32255871572867467,0.2632683501949097,0.29219689983240693,0.26062722249152676,0.22711796814870333,0.31128183709444257,0.26337549875801813,0.23047097259197816,0.27835821483223083,0.22293776533631526,0.30064704149561455,0.2536614287075005,0.2978272339083283,0.2676991715386778,0.2664296154620302,0.30370854163128064,0.28430349803237503,0.2582885772729333,0.2801250556258436,0.2884092891176085,0.28391298685652894,0.3074276352840915,0.25745794073161465,0.2546493581175694,0.26737964741953435
4,0.48295,0.4367652228881827,0.44695000000000007,0.4355019284384201,0.4006148408419763,0.44995000000000007,0.4395509538084479,0.4053456785388715,0.44884550271272905,0.3964346380295883,0.46995000000000003,0.4298368837579302,0.44195000000000007,0.44257387748557114,0.44260507051245995,0.4509500000000001,0.456339940705045,0.4317854499662063,0.43995000000000006,0.46190616181088145,0.43195000000000006,0.45295,0.43233264667850796,0.4295240640644627,0.43495000000000006
5,0.41440821016800905,0.3321918143211952,0.3839132976022125,0.3327044578434257,0.2855794297413459,0.4103430663992883,0.33790843731416925,0.29098372710907794,0.35300452254098347,0.2788328778039927,0.38570317128460013,0.322928029554416,0.39738377737330177,0.3417185464133613,0.3421510228182184,0.39919285574850766,0.36055962500585187,0.32831191072121024,0.3650286344283398,0.3676475049093517,0.3775430763399113,0.4082208857951418,0.3279172098480238,0.3231131961663756,0.34792386731201064
6,0.36576695799166525,0.29091695374911003,0.3361240308453093,0.29075836865664445,0.24826000608971505,0.3614372447588586,0.2958007816350082,0.2526958907849573,0.3100520494979122,0.24187649719641754,0.33945631315931857,0.2820825665977953,0.3482231502538794,0.2990695212005582,0.2995155382727549,0.3501373278913946,0.31685287111541044,0.2873494991754654,0.31866779395012124,0.32319612911237394,0.3297504703956286,0.3581441069044026,0.28671890581988596,0.28250040547795463,0.3036016085507604
7,0.3345875976029572,0.26179336051192303,0.3068433964845311,0.262565118613841,0.22105481697947363,0.3312964791189971,0.26835246725921214,0.22630617189813756,0.2787336953251987,0.21491687386960348,0.3095410538324067,0.2553938357745804,0.31893916141615436,0.2707415134921729,0.2722283471835983,0.320254682162941,0.28635509775681967,0.25856670641131324,0.29004768510561146,0.2934468381970489,0.30125877692011327,0.32799314799959733,0.2595771136509181,0.254905928102171,0.27611020249023843
8,0.3098729758798563,0.23894845422039118,0.283797702681947,0.24054669177861646,0.20003810631687355,0.30753935300677837,0.24683339902836138,0.20594867270202444,0.25395087435805874,0.19420358315377312,0.2859175588766574,0.2345542865485184,0.2958511478948239,0.24854604403657102,0.25082206933871304,0.29671902364381764,0.2622844796592303,0.2359942646272062,0.2676655532912066,0.2700011973352007,0.2788788682596683,0.3042324753437317,0.2383405302984207,0.2333163281035302,0.2546406843205166
9,0.2922015261389857,0.22267799286088458,0.2673934809683382,0.22489609475598507,0.1852177480832751,0.2906250005891404,0.23149918304190706,0.19158628700401067,0.23622082903035022,0.17964393099149967,0.26903584270884867,0.21973491756747368,0.2794057635975762,0.23273833607905528,0.23556118083614105,0.27996012510874624,0.2450804173616065,0.2199216776271981,0.25178242786070737,0.25325308582692396,0.2629708047164324,0.2873103988162554,0.22322494776717597,0.217954900918234,0.23939550922920494
10,0.2899684559699445,0.22060219320461422,0.26511673157430365,0.22265189642673933,0.1830634761029458,0.28833289489724834,0.22920420952623755,0.18939503387654458,0.23430634400959935,0.17747904349937724,0.2667403581051531,0.21750717559797306,0.2771276333704953,0.23046060887963557,0.23328179272602512,0.277716942738412,0.24305054187264905,0.2178117102160578,0.24949481854985628,0.2510757818826688,0.26074176768490304,0.285049672827336,0.22094051120154568,0.21567895604152787,0.23710432437098417
11,0.4866528546368177,0.4636528546368177,0.45065285463681776,0.4536528546368177,0.43092756116634984,0.4536528546368177,0.4486528546368177,0.4376528546368177,0.4743922992877118,0.42669186217132227,0.4736528546368177,0.4416528546368177,0.44565285463681775,0.4566528546368177,0.4476528546368177,0.4546528546368177,0.47765285463681767,0.4606528546368177,0.4436528546368177,0.4726528546368177,0.43565285463681774,0.4566528546368177,0.44565285463681775,0.45065285463681776,0.4386528546368177
12,0.454557944791527,0.36821185882696567,0.42462206162694727,0.3695759300457061,0.3202065912757709,0.4437794561304384,0.3751934827095117,0.32653900318820167,0.38904297428083445,0.31344878986675473,0.42465428594795085,0.35978858742169,0.4318135962709352,0.3789697827666231,0.37989420269246116,0.4378011679637913,0.39743260292449306,0.36424570078609547,0.4048308419887057,0.40538578110970086,0.4176094132885151,0.4428135962709352,0.3647521496539435,0.3593744189264395,0.38677873991837686
13,0.46892062827830594,0.41566673635559737,0.43292062827830596,0.41637189411440223,0.36891575413997363,0.43592062827830597,0.42150049620781627,0.37444080039423416,0.43652505071851977,0.36231107055677025,0.45592062827830593,0.4064153028238903,0.42792062827830596,0.42543690780252447,0.42586543657786563,0.43692062827830597,0.44424894564429296,0.41169514425576037,0.42592062827830596,0.4515416651856791,0.41792062827830595,0.4389206282783059,0.4113838694630133,0.40649256004516027,0.42092062827830595
14,0.39702290305479193,0.32406545709069445,0.36380842718707324,0.32649595678685867,0.27492244930904075,0.37746363163046565,0.3323773167180821,0.2826221715121463,0.34471734671880067,0.26869935008221857,0.3757198730870541,0.3171331679304815,0.3658210129666899,0.33612143264582334,0.33793957395930324,0.3721718983653659,0.3541817713027663,0.3202383248629812,0.3509931982472732,0.3625926888229477,0.35234405626296333,0.37675112806975636,0.3219024057290878,0.31609671341947604,0.3396678365096179
15,0.3772477475074186,0.3077588126536524,0.3440621872837396,0.30777650902170145,0.26151663372011286,0.3608529676540901,0.3118663344505948,0.2678661642376144,0.32865537549514706,0.255531467134108,0.35466075518160683,0.2974660297177756,0.3481184815721605,0.31606390145371993,0.31573591367638687,0.3543150785175421,0.3353078952218108,0.30388583917938716,0.33056096846091504,0.3414099255962725,0.3335017948513144,0.3590554961941476,0.302290023016629,0.2982823827522299,0.31787509722960017
16,0.3446295316573922,0.2756326456252315,0.3123482760741907,0.27663299218360043,0.23049182696263879,0.3292965288396611,0.28071926020828575,0.237523818260008,0.29579244401840443,0.2251547809325129,0.32223616624654666,0.2664921190782814,0.3167091064641514,0.2845104342913739,0.28425590149304714,0.3229724751691037,0.3026403141685824,0.2719886622350189,0.2996682067960392,0.3091082103791221,0.30237504092748113,0.3273313072411646,0.27100309484987556,0.26685140635043597,0.2867940275417068
17,0.30894152299220085,0.24107808410525222,0.27837965340529325,0.24320557197090953,0.19824223585755477,0.29531304157780125,0.2474540314818685,0.20595347332398592,0.25952448954601126,0.19357777772253779,0.2869588879275962,0.23383259219147437,0.28315591074478946,0.2506300437102404,0.2508003055045652,0.2891061602749989,0.26689418333150067,0.23775566430348888,0.2666156733710466,0.2739361568466218,0.269348730966686,0.29319281402783887,0.23789303414109625,0.23348477149529476,0.2538382899582281
18,0.3172092360015977,0.2493457971146492,0.2866633120285449,0.25148732491038367,0.20652589448080647,0.3035967002010529,0.25573578442134265,0.21423713194723756,0.2676630169813877,0.2018614363457894,0.29522660093699316,0.2421162508147261,0.29143956936804116,0.2589117966497146,0.25908205844403936,0.29738981889825056,0.27513376609005014,0.2460233773128858,0.27489933199429817,0.2821757396051713,0.27763238958993763,0.30147647265109057,0.24617669276434792,0.2417684301185464,0.2621219485814798
19,0.2853718633816481,0.2178466183691026,0.25482469922276085,0.21952168242841935,0.17540342183371438,0.27155152333716825,0.22384444397700015,0.18339262436914355,0.235678910453142,0.17049962751414385,0.2629943968978574,0.2106630755557385,0.2593430003461037,0.22742721472658692,0.22748878022965627,0.26545154917306063,0.24307328203768716,0.2144241592570048,0.24289450037445318,0.2504581550897724,0.24603324242279584,0.26949831704924665,0.21486515247018412,0.21038833894976885,0.23047499653213188
20,0.25375603524082974,0.18760003141115866,0.2243387164198017,0.18923887027186156,0.1473127344682588,0.24064737961807367,0.1937605836330426,0.15571596222749567,0.20373478255708635,0.14252314866090618,0.23130007579495615,0.1815677215292342,0.23013964031291437,0.1973869470564224,0.19769048959452976,0.23464337555668147,0.21136477142369825,0.18425273656608143,0.2125862377609809,0.2193558113640011,0.21772451530028872,0.23860749653424007,0.18563119371765224,0.1809734275639538,0.20085156233646295
21,0.23163738985033153,0.16526901508080785,0.20369405496169654,0.1690257595429364,0.1291359603711693,0.2196125897990511,0.17372274724293432,0.13782381975373054,0.17960798228396357,0.12465973273401972,0.20771406084366179,0.1623986413463513,0.20927251934045432,0.1752924203764656,0.17774812821905864,0.21365759861237513,0.18761855086863571,0.16210421755603577,0.19232604607796078,0.19608032883063592,0.19756554022772,0.21753579829738495,0.1661791986395371,0.16135903701551904,0.1811585381823639
22,0.35339752176018013,0.28669075838772123,0.3254541868715451,0.29078589145278494,0.25089609228101784,0.34137272170889976,0.2954828791527829,0.25958395166357906,0.29970850172829655,0.24641986464386825,0.32947419275351025,0.2841587732561998,0.33103265125030296,0.29705255228631405,0.29950826012890724,0.33541773052222373,0.3085946161778436,0.2835259608629492,0.3140861779878093,0.3175020721375492,0.3193256721375686,0.3392959302072335,0.28793933054938564,0.28311916892536765,0.3029186700922124
23,0.3736873980401581,0.3069806346676992,0.34574406315152306,0.3110757677327629,0.27118596856099586,0.3616625979888778,0.31577275543276084,0.27987382794355703,0.3199983780082745,0.26670974092384625,0.3497640690334882,0.3044486495361778,0.351322527530281,0.3173424285662921,0.3197925315901733,0.3557076068022017,0.3288844924578216,0.30381583714292715,0.33437605426778727,0.3377919484175272,0.3396099435988347,0.3595858064872115,0.3082292068293636,0.3034090452053456,0.3232029415534785
24,0.33275338675300403,0.26579271575464336,0.30468848700633683,0.2702043763390828,0.23049782052806306,0.32050688168807706,0.2751664625033023,0.23950616833753752,0.2787089497299576,0.22591252826701014,0.30861140571362633,0.2640035754665144,0.3104754449637369,0.2761986430534456,0.27916904915892066,0.3148630803960672,0.2876278266456075,0.2631633563728675,0.2932650982396167,0.2967347014538262,0.2979836854319536,0.31870176906360104,0.26728916694990523,0.26281670733122,0.281669763942141
25,0.3141306813898923,0.247216711451951,0.28638114185123714,0.25193443129708554,0.21249822779027286,0.30205477131464376,0.2566774016087539,0.22121599541669826,0.26015176017784936,0.20779744440156542,0.29006285971189744,0.2454930929458234,0.2921038323959522,0.2578026630298438,0.2607201920000243,0.2964460673210583,0.26916774855835685,0.2449259407700412,0.2749066322667787,0.2780822469444812,0.2793805125679159,0.3003203806205663,0.24899551626613392,0.24465025309053515,0.2634363729878625
26,0.26360841051835837,0.198078926766178,0.23758436177694747,0.20371920092681892,0.1660791281038508,0.25269047453644966,0.2081738221036477,0.17446600899254558,0.20983971660431203,0.16153397544877862,0.2401873310975266,0.1974985298957,0.24319892646719016,0.20913502460899386,0.21223792743803224,0.2471796808440183,0.21932716414848274,0.19654596911617908,0.2264194437628936,0.22807571481765296,0.2305066467501088,0.25103406115464477,0.20110922362933153,0.1968678962461894,0.21551997002156265
27,0.32035358213031623,0.2548240983781358,0.2943295333889053,0.2604643725387767,0.22282429971580858,0.30943564614840746,0.2649189937156055,0.23121118060450338,0.26658488821626974,0.21827914706073645,0.2969325027094844,0.2542437015076578,0.29994409807914796,0.26588019622095166,0.26898309904998996,0.30392485245597606,0.27607233576044055,0.25329114072813685,0.2831646153748513,0.28482088642961073,0.2872518183620666,0.3077792327666026,0.25785439524128934,0.25361306785814713,0.2722651416335204
28,0.4581932323058081,0.43519323230580814,0.42219323230580813,0.42519323230580813,0.4161932323058081,0.42519323230580813,0.42019323230580813,0.4091932323058081,0.45119323230580816,0.41319323230580807,0.4451932323058081,0.41319323230580807,0.4171932323058081,0.4281932323058081,0.41919323230580813,0.42619323230580813,0.4491932323058081,0.43219323230580814,0.4151932323058081,0.4441932323058081,0.4071932323058082,0.4281932323058081,0.4171932323058081,0.42219323230580813,0.4101932323058081
29,0.48742857917209065,0.43701568488950066,0.45142857917209067,0.4354692079833155,0.3903172600002259,0.4544285791720907,0.43737459922250266,0.3994632883927254,0.45600000997322854,0.3828179023158907,0.47442857917209064,0.4250860284274908,0.44642857917209067,0.44275965272507306,0.4399018726183441,0.4554285791720907,0.46170021419141644,0.4334188323303458,0.44442857917209067,0.46496815323503515,0.43642857917209066,0.4574285791720906,0.4296339929579854,0.4274449700038842,0.43942857917209066
30,0.4105595589999652,0.335706973970062,0.37748922163378523,0.3376842221947884,0.2846823424945739,0.392735745719251,0.3429418441527084,0.29422170918045704,0.3557893116622183,0.2772846811436283,0.3886005419809691,0.3280819799132946,0.3807528979333408,0.3470260477952864,0.3474447999501376,0.38672386105741485,0.36483162166246186,0.3318909505128867,0.3642766205048269,0.37233649259636115,0.366531630177261,0.3917528979333407,0.33286063902284213,0.32750130596049365,0.3521699248041292
31,0.45983399674505593,0.3875051128715215,0.4269187833729937,0.3873933721318624,0.3417444650581484,0.44544325444561894,0.39154675251488635,0.3471007304043835,0.4080896179005843,0.33518914671207306,0.4363676424375627,0.3772464481378136,0.43226554869467,0.39589513784705455,0.3952564600369456,0.4377491919424216,0.4149778522125606,0.38358866245381606,0.4125615757675642,0.420944395180506,0.4168697481460708,0.44326554869467,0.3821365115085651,0.3780498185297614,0.3992309320135015
32,0.42311279747651137,0.3478982038013467,0.39125302094873754,0.34717113753162243,0.3032595987154711,0.41875243477356117,0.35105886562469424,0.3075084509186337,0.3688103394056436,0.29686672347599125,0.39648666894766355,0.3368035681746344,0.40200436863931377,0.3554199433815782,0.35447029662006213,0.4054485963221137,0.37509641316214437,0.343915811379724,0.3742045266291046,0.38068175175026436,0.3835252523494394,0.41300436863931383,0.3417845596353042,0.3380239331813028,0.35855193286685233
33,0.4408951849272717,0.3665697665695228,0.4089250183810424,0.36563298531075095,0.3223303678307715,0.4361033306772702,0.3693650931748409,0.3263222565774929,0.3874905588780169,0.31598622600639964,0.41448089011888717,0.35521154851228737,0.4194625744954641,0.3737771302631015,0.3726696542667639,0.423016893404989,0.39356474693503807,0.36258564462849274,0.3920368527466772,0.398939878742333,0.40109008853694267,0.4304625744954642,0.36019413274529477,0.35658832152247105,0.37654202965812467
34,0.3786673697661494,0.3020574387273022,0.3469621411953511,0.3016836017673324,0.2567052399901625,0.37488766061357687,0.30582381381739343,0.26141961811633957,0.3229546732618359,0.25022155134712004,0.35173311784102185,0.29140435739465836,0.35800107387733554,0.31010311671985397,0.3094038830663577,0.3612991421629367,0.32959817617468007,0.29807802034020403,0.32968782892279813,0.3355230802693973,0.33938045537857314,0.36900107387733555,0.2963827513344186,0.2923655473189587,0.3138045259027054
35,0.34478010800971537,0.2681701769708681,0.3130748794389171,0.2677963400108983,0.424112738243566,0.3386334121571958,0.27193655206095935,0.22753235635990549,0.28906741150540183,0.42111273824356593,0.3178458560845878,0.2575170956382243,0.32266894026106047,0.2762158549634199,0.2755166213099236,0.32691946021107876,0.29571091441824604,0.26419075858376995,0.29580056716636405,0.3016358185129633,0.3049707302077343,0.33366894026106036,0.2624954895779846,0.2584782855625246,0.2799172641462713
36,0.2820838435828094,0.2054198685596875,0.25034424825496354,0.20498268156001373,0.262033585913718,0.2758058367864414,0.2093161916261592,0.16487938936051125,0.22624631096020256,0.255534767615943,0.255116644129619,0.19489613117254684,0.25986261088039553,0.21344916399422695,0.21269435821141772,0.264186951491804,0.23305041742448032,0.20145519607322185,0.23314715947899015,0.2388362174722978,0.2423331903468979,0.27085516644494295,0.19985063637115186,0.19586781416113272,0.2172840750683944
37,0.2529171916446287,0.1766980517191285,0.22155810872763365,0.1764020318006559,0.22758452625612569,0.2467608745680379,0.18089131612028997,0.1370065573800029,0.19700466559171226,0.2210857079583507,0.22610773812426427,0.16668585434551159,0.2309943382905424,0.18480428395312593,0.18414545718061054,0.23527787676825235,0.2040385599535331,0.1728124000030346,0.20459116499378066,0.20983729417180724,0.2137589965253035,0.24183815377099338,0.1715212348723329,0.16751009237887804,0.18890480895674494
38,0.20578902755181838,0.12924908947643687,0.21843283128061283,0.15544634781918582,0.16908935804258965,0.22836419832347074,0.17806984102834228,0.1346821037214081,0.1448818282135161,0.16259053974481466,0.17983347785710435,0.1640592448439299,0.22781613070409584,0.15304543279615998,0.18125917275195383,0.21927154015905484,0.15275609042265986,0.1275758509574681,0.2016612276635962,0.1614672981154374,0.21081344494017185,0.21862413894585106,0.16879174600253996,0.1600891624598121,0.18613137258914939
39,0.2043585043173163,0.128132153044775,0.21675723456048399,0.15419810485997543,0.13923781444694133,0.22678500319727,0.17660574019739753,0.13355450010150388,0.12098568751894193,0.13273899614916634,0.17851312698360983,0.16272776953344864,0.22610530988786917,0.15184215602446138,0.1797641718936399,0.21773293379219463,0.15146297177256138,0.12648356676674868,0.20011803796559996,0.1601973115131097,0.20925370314248584,0.217107590186588,0.1673927637534533,0.15876449575897528,0.1846960381077722
40,0.20337750548314637,0.12738700944321696,0.21562999799308882,0.15337261991598183,0.13337422332866614,0.22571139531756435,0.17563742652194061,0.13283504816236757,0.12016868798570339,0.12687540503089115,0.17761612182669584,0.16185800930921787,0.22495198548755085,0.15104190249906296,0.17877631205822161,0.2166908660928441,0.15058371122501066,0.12575757151952255,0.19908943634722498,0.1593382365433199,0.20821117550009,0.21607778998016644,0.16647351787373618,0.15789218930641266,0.1837481021796971
41,0.2102532500423505,0.1295058134202558,0.21704081655497567,0.15478343847786866,0.134785041890553,0.22712221387945117,0.17704824508382747,0.1342453373974737,0.1215795065475902,0.128286223592778,0.184229266199132,0.16326882787110472,0.22636280404943768,0.15245272106094981,0.18018713062010847,0.21810168465473093,0.1519945297868975,0.1306987659893111,0.20050025490911183,0.16111184461467698,0.20962199406197685,0.2174886085420533,0.16788433643562306,0.1593030078682995,0.1851589207415839
42,0.34894574745057594,0.26819831082848117,0.35592343448326996,0.29363195213923776,0.27320724679171027,0.36597072754082033,0.31593086301212175,0.27312740435449917,0.26000171144874745,0.26685771517479,0.32292176360735747,0.30215144579939907,0.36524542197773197,0.2912376874854834,0.31906974854840275,0.3569501983161001,0.2905660213689095,0.2693912633975365,0.33938287283740626,0.29980434202290235,0.3485046119902711,0.35633712220342234,0.30676695436391743,0.2981515215296686,0.3240415386698782
43,0.31030453250556955,0.22955709588347478,0.3141311941489057,0.2549907371942313,0.23456603184670383,0.32732951259581394,0.2772896480671153,0.23448590770459055,0.22136049650374107,0.22821650022978363,0.2842805486623511,0.2635102308543927,0.32252849390690747,0.25259647254047696,0.2804285336033963,0.3183089833710937,0.2519248064239031,0.23075004845253005,0.298459145259237,0.26116312707789596,0.30586950083796827,0.31769590725841595,0.268125739418911,0.25951030658466223,0.28403184381491453
44,0.45504781597151484,0.3765060344465806,0.41904781597151486,0.40031264028543745,0.3724431931458856,0.42204781597151486,0.41704781597151486,0.37892027303762227,0.3683094350668469,0.36609366152896533,0.43043976766474934,0.4070043080194367,0.41404781597151485,0.39875569154287516,0.41604781597151486,0.42304781597151486,0.39808402542630134,0.37769898701563587,0.41204781597151485,0.4081120656410018,0.4040478159715149,0.4250478159715148,0.4106234002195151,0.4030043837497062,0.40704781597151485
45,0.4298941087883978,0.3489374908398469,0.3979164498067811,0.3492867477431742,0.30256833583551107,0.41106378924670445,0.3540656541709698,0.3078874603810584,0.3601349946214954,0.2959880493753798,0.401574097796481,0.339218018745466,0.3997789744358928,0.3581253800581898,0.35814179262137935,0.40643238275081833,0.3767137605325887,0.3449634501611849,0.38056240052595924,0.3839820560176075,0.3862597191032699,0.41077897443589273,0.3441900322198078,0.33959674775956034,0.3636699283385407
46,0.36224585603007375,0.28929306650155123,0.33033161272101064,0.2874500098515565,0.2464436722868153,0.34947052994478756,0.29041186156674964,0.2495859251159582,0.31024836866839184,0.24024418347660198,0.33469430885502344,0.27677215223949164,0.33558620914791354,0.29508621262196605,0.29313160806893374,0.34111900814957524,0.31541195396162713,0.2853020239522322,0.3130953090030788,0.31972943535434717,0.320249193609589,0.3465862091479135,0.28176246836698954,0.2788659113239302,0.2967751774885044
47,0.3441128582530579,0.27116006872453535,0.3121986149439947,0.26931701207454056,0.2283106745097994,0.3313375321677717,0.27227886378973376,0.23145283162821098,0.29211537089137596,0.22211118569958613,0.31656131107800756,0.25863915446247576,0.31745321137089766,0.27695321484495017,0.27499861029191786,0.3229860103725594,0.29727895618461125,0.2671690261752163,0.2949623112260629,0.30159643757733123,0.3021161958325731,0.3284532113708976,0.2636294705899736,0.2607329135469143,0.2786421797114885
48,0.3761579638073308,0.30323701586639895,0.3442662154375399,0.3013943370603826,0.2603879994956415,0.3634051326613168,0.3043561887755758,0.2635299200486107,0.3241604764456489,0.2541885106854282,0.3486289115715528,0.2907164794483178,0.3495301585127612,0.30903053983079226,0.30707593527775995,0.3550536108661046,0.32934655667815643,0.29924597331707986,0.3270392583679264,0.33366403807087647,0.33419314297443664,0.3605208118644428,0.2957067955758157,0.29281023853275634,0.3107195046973306
49,0.456857834803979,0.433857834803979,0.4208578348039791,0.423857834803979,0.4148578348039791,0.423857834803979,0.418857834803979,0.4078575835634799,0.449857834803979,0.411857834803979,0.443857834803979,0.411857834803979,0.4158578348039791,0.426857834803979,0.417857834803979,0.4248578348039791,0.447857834803979,0.4308578348039791,0.413857834803979,0.442857834803979,0.4058578348039791,0.426857834803979,0.4158578348039791,0.4208578348039791,0.4088578348039791
50,0.37397338925010754,0.3146622674648941,0.34025966296519317,0.3130577604048045,0.2718326579489156,0.3535225575767885,0.3149192460816364,0.2771562670855267,0.33364453966798224,0.26544106293386804,0.35334948264768645,0.302660415265081,0.3421993176943942,0.3203191489086316,0.3174179892732314,0.3488151590085545,0.3392872351544343,0.31106582587126924,0.3280404495136955,0.3424972820788562,0.32864141823092713,0.3531993176943941,0.3072080035882844,0.3050630852577617,0.31694119610361476
51,0.32329965967172763,0.2639885378865143,0.2895859333868134,0.26238403082642464,0.2211589283705358,0.3028488279984087,0.2642455165032566,0.22648191881872576,0.28297081008960245,0.21476733335548825,0.3026757530693066,0.2519866856867012,0.2915255881160143,0.2696454193302518,0.2667442596948516,0.29814142943017463,0.2886135055760544,0.2603920962928894,0.2773667199353156,0.2918235525004763,0.2779676886525473,0.30252558811601427,0.2565342740099046,0.2543893556793819,0.2662674665252349
52,0.3806490895614438,0.3209860967642465,0.3475488444341315,0.3197334607161408,0.27882949729006634,0.36131665222100406,0.32159494639297276,0.28444437588013755,0.3391633480647698,0.2727302444028063,0.35967331194703883,0.3096572546062317,0.3497537500091475,0.326642978207984,0.32409368958456763,0.3561043404774928,0.34522626536481543,0.31738965517062157,0.3353296309826337,0.34882111137820854,0.33619585054568046,0.3604884991633324,0.31420484292943507,0.311738785569098,0.324230377572553
53,0.3304341349897266,0.26965170256427506,0.2973338898624143,0.2675433762980044,0.22809194013156353,0.3111016976492869,0.26957189086143785,0.23161508823349564,0.28894839349305257,0.22204929502368048,0.3091553086307641,0.25701931601676964,0.29953879543743034,0.2745646542172328,0.2718925027672619,0.30588938590577563,0.29436205770626905,0.26582821940570667,0.2845520118615856,0.29770567518928787,0.2859808959739633,0.3102735445916153,0.2618016501870752,0.25948171957565747,0.2725618414659382
54,0.2926631940410566,0.2318807616156051,0.2595629489137444,0.2297724353493344,0.19032099918289355,0.27333075670061696,0.2318009499127679,0.19384414728482566,0.2511774525443826,0.1842783540750105,0.2713843676820942,0.2192483750680997,0.2617678544887604,0.23679371326856286,0.2341215618185919,0.26811844495710563,0.2565911167575991,0.22805727845703672,0.24678107091291562,0.2599347342406179,0.24820995502529336,0.2725026036429454,0.22403070923840523,0.22171077862698751,0.23479090051726825
55,0.26319847532554724,0.20241604290009577,0.23009823019823503,0.20030771663382502,0.1608562804673842,0.24386603798510761,0.20233623119725852,0.1643794285693163,0.22171273382887327,0.15481363535950113,0.24191964896658483,0.1897836563525903,0.23230313577325104,0.2073289945530535,0.20465684310308252,0.23865372624159628,0.22712639804208976,0.19859255974152734,0.21731635219740628,0.2304700155251085,0.218745236309784,0.24303788492743603,0.19456599052289586,0.19224605991147817,0.2053261818017589
56,0.4203985805743923,0.35818369052703813,0.38875445535354625,0.35750782188267005,0.3188467516521457,0.40306721867067147,0.3603267023820201,0.32332306830977997,0.3750616864597666,0.31315227623980046,0.3986761104032126,0.3484398815079015,0.3917321602047245,0.36452909980189857,0.3629954839833818,0.39759736598205986,0.3817620674740797,0.35487188804481823,0.3762599919378699,0.38674934382839943,0.37817426074125754,0.4019815246678996,0.35290463140319517,0.34985723927841195,0.36426982154222254
57,0.35431062151594156,0.2858219873122631,0.3224174588869703,0.2852682242755505,0.24273018330946067,0.3409843094283781,0.28876007960168026,0.24748041313749525,0.3050571790609285,0.2364932613902203,0.3306053151190815,0.27553528551110695,0.3280134704316408,0.2930191126321308,0.2918627399231501,0.33322455575015414,0.3115386830434321,0.2821188031561038,0.3081453277356407,0.3168567057211275,0.31281034544453096,0.3385436604669862,0.28027845011537217,0.2766931155300386,0.29454408364811047
58,0.30437578711506263,0.23588715291138423,0.2724826244860914,0.23533338987467156,0.19279534890858177,0.29104947502749917,0.23882524520080134,0.19754557873661632,0.25512234466004957,0.1865584269893414,0.28067048071820255,0.22560045111022808,0.27807863603076194,0.24308427823125195,0.24192790552227122,0.28328972134927527,0.26160384864255315,0.2321839687552249,0.2582104933347618,0.26692187132024864,0.2628755110436521,0.2886088260661073,0.23034361571449324,0.2267582811291597,0.24460924924723154
59,0.40127526707253036,0.3323544454479179,0.37015173393785433,0.3326330018449638,0.29080458027718203,0.38905870639609946,0.3364943546525643,0.29615122992791093,0.3500837660383306,0.284879514819341,0.37713777325473624,0.3236096824788284,0.37608786739936223,0.33998375818871973,0.3395970149740341,0.3809588308010382,0.3571040128579309,0.3286512612917586,0.3562197247033621,0.3633891638567823,0.36119659887365163,0.3862779355178702,0.3280127251662561,0.32405789309945193,0.34293033707723114
60,0.34650622930073255,0.2780834501809464,0.3145783242418411,0.2770755737230301,0.23598793399351017,0.3350692129975867,0.2804218588513704,0.23989514621689398,0.2976614751482536,0.2299095446615361,0.32220153172124144,0.26715893509283184,0.3213378950401033,0.28453743017188404,0.2833135687600369,0.3262351218032664,0.3034236834956143,0.2742148342482308,0.30001704451278566,0.3085249488559113,0.3056198931897928,0.331826260183207,0.27187271840786376,0.2685318882548767,0.2862684311120839
61,0.29680094918836386,0.22837817006857766,0.26487304412947243,0.22737029361066138,0.18628265388114146,0.28536393288521794,0.23071657873900162,0.19018986610452523,0.24795619503588487,0.18020426454916735,0.27249625160887275,0.21745365498046307,0.27163261492773455,0.23483215005951533,0.23360828864766817,0.27652984169089767,0.25371840338324564,0.22450955413586207,0.25031176440041697,0.25881966874354256,0.25591461307742414,0.2821209800708383,0.22216743829549504,0.218826608142508,0.23656315099971512
62,0.24698116043490514,0.17855838131511897,0.21505325537601372,0.17755050485720267,0.13646286512768274,0.23554414413175923,0.18089678998554293,0.14045610052760538,0.19813640628242615,0.13038447579570867,0.22267646285541404,0.16763386622700435,0.22181282617427583,0.18501236130605664,0.18378849989420942,0.22671005293743896,0.20389861462978692,0.17468976538240336,0.20049197564695825,0.20899987999008385,0.20612296037504932,0.23230119131737959,0.17234764954203632,0.1690068193890493,0.18674655406412902
63,0.2047358991397059,0.3787225599587574,0.4141641786436384,0.37771468350084103,0.33662704377132113,0.2349494129221482,0.38106096862918126,0.34062027917124377,0.3983005849260645,0.33054865443934706,0.4228406414990525,0.36779804487064277,0.2212180949646648,0.385176539949695,0.3839526785378478,0.22611532172782792,0.40406279327342537,0.3748539440260417,0.4006561542905967,0.40916405863372224,0.39916417864363846,0.23170646010776857,0.3725118281856747,0.36917099803268766,0.3869107327077674
64,0.2141344614396493,0.29421815153389613,0.3372179220830978,0.2942483553139064,0.2487507709377656,0.22461659968469275,0.29853002346742763,0.2540941266438188,0.3145587220454881,0.24223388624093328,0.3433283421885125,0.2843060817370012,0.2306166572646082,0.3025722552834162,0.302123647330209,0.2078665426269919,0.32145643672333596,0.29028881778798177,0.3216556589270211,0.3276278278512446,0.3254576987068651,0.21162737022674669,0.2891608689976899,0.28492948349991654,0.30645153577716966
65,0.21372768595208513,0.24454388633439775,0.2875436568835994,0.2445740901144081,0.19907650573826727,0.22420982419712857,0.2488557582679293,0.20441986144432048,0.26488445684598977,0.19255962104143495,0.2936540769890141,0.2346318165375029,0.230209881777044,0.25289799008391783,0.25244938213071066,0.2074597671394277,0.2717821715238376,0.24061455258848344,0.2719813937275227,0.27795356265174626,0.27578343350736667,0.21122059473918248,0.2394866037981915,0.2352552183004182,0.2567772705776713
66,0.21333841916003696,0.19487006669682114,0.23786983724602279,0.19490027047683145,0.14940268610069066,0.2238205574050804,0.19918193863035266,0.15474604180674387,0.2152106372084131,0.14288580140385831,0.24398025735143747,0.18495799689992626,0.22982061498499584,0.20322417044634122,0.20277556249313405,0.20707050034737953,0.22210835188626094,0.1909407329509068,0.22230757408994611,0.22827974301416964,0.22610961386979006,0.21083132794713433,0.1898127841606149,0.1855813986628416,0.20710345094009464
67,0.21293154132744593,0.14543245853748604,0.1911358119106789,0.14699175353370703,0.10909581332273943,0.22341367957248937,0.15336313631107593,0.15183016731400326,0.165502554556545,0.11558687325541754,0.19457593427822345,0.14882803407118397,0.22941373715240485,0.15469388233430936,0.1575916477581907,0.2066636225147885,0.17240026923439283,0.14166785950291463,0.17918231534166754,0.17874385759611613,0.19567458740762486,0.21042445011454333,0.1462477490143844,0.1386210381258774,0.16985110504253184
68,0.21249764537901578,0.14499856258905588,0.19070191596224872,0.14655785758527687,0.10866191737430927,0.2229797836240592,0.15292924036264577,0.1513962713655731,0.11877184120606629,0.11515297730698737,0.1941420383297933,0.1483941381227538,0.22897984120397472,0.1542599863858792,0.15715775180976055,0.20622972656635835,0.1414843252746661,0.14123396355448448,0.17874841939323738,0.17830996164768595,0.19524069145919473,0.20999055416611317,0.14581385306595424,0.13818714217744724,0.16941720909410166
69,0.23137756878819193,0.12793017648819466,0.21032099288375902,0.16617693450678714,0.12828099429581957,0.23190566385389766,0.17254831728415607,0.12518995361632326,0.12835526807021586,0.13477205422849767,0.1828381474154961,0.16801321504426409,0.2022515782088981,0.1738790633073895,0.17677682873127082,0.22584880348786868,0.16110340219617636,0.13075488883042877,0.19836749631474768,0.15903216505728082,0.21485976838070503,0.22960963108762347,0.1654329299874645,0.1578062190989575,0.18903628601561195
70,0.43167977380843775,0.3282323815084405,0.4106231979040049,0.36647913952703304,0.32858319931606544,0.23154899947843202,0.3728505223044019,0.3254921586365691,0.32865747309046167,0.33507425924874357,0.38314035243574196,0.3683154200645099,0.4025537832291439,0.3741812683276354,0.37707903375151663,0.41830220502024584,0.36140560721642223,0.33105709385067456,0.3986697013349936,0.3593343700775266,0.3993022050202459,0.4203022050202458,0.3657351350077103,0.3581084241192034,0.38933849103585777
71,0.3666661110846162,0.2791110130956451,0.34112555055754784,0.2952407724731853,0.2520096497700932,0.231266561551476,0.30064468986257264,0.2542802990348088,0.284758731529264,0.2496442862080822,0.3282478543356989,0.29049013092158793,0.34072452909559325,0.3034708852807532,0.3047385624677412,0.351662770531975,0.30821639974136933,0.27804864526264494,0.32651896950561166,0.3093044927037452,0.33149292172630074,0.3559111891468509,0.2920704658530105,0.2861957652803507,0.3136656054147717
72,0.3168668323224168,0.2293117343334457,0.2913262717953484,0.2454414937109859,0.2022103710078938,0.23083126746360608,0.25084541110037323,0.2044810202726094,0.2349594527670646,0.1998450074458828,0.2784485755734995,0.2406908521593885,0.2909252503333938,0.2536716065185538,0.25493928370554186,0.3018634917697755,0.2584171209791699,0.22824936650044553,0.2767196907434122,0.2595052139415458,0.2816936429641013,0.30611191038465146,0.24227118709081108,0.23639648651815126,0.26386632665257226
73,0.3670602758021325,0.2795052008191788,0.3415105830466374,0.2956349371907016,0.2524038374936269,0.2810247339493392,0.3010388545800889,0.2546744867583424,0.28515289624678025,0.2500384739316158,0.3286420420592326,0.2908843186451216,0.3411187168191268,0.3038650499982696,0.30513272718525764,0.3520569352494912,0.3086014322304589,0.2784428329861786,0.3269131342231279,0.3096986804272788,0.331887086443817,0.35630535386436724,0.2924646535765441,0.2865899530038843,0.31405977013228803
74,0.31726848245599476,0.22971340747304106,0.29171878970049964,0.24584314384456393,0.20261204414748915,0.23123294060320146,0.25124706123395113,0.2048826934122047,0.23536110290064252,0.20024668058547807,0.2788502487130949,0.24109252529898387,0.29132692347298905,0.2540732566521318,0.2553409338391199,0.30226514190335346,0.2588096388843211,0.22865103964004083,0.2771213408769901,0.259906887081141,0.2820952930976792,0.3065135605182295,0.24267286023040638,0.23679815965774656,0.26426797678615027
75,0.27741520287306776,0.189860127890114,0.2518655101175726,0.20598986426163685,0.1627587645645621,0.24078003345975302,0.21139378165102407,0.16502941382927766,0.19550782331771546,0.160393401002551,0.23899696913016788,0.20123924571605678,0.251473643890062,0.21421997706920476,0.21548765425619282,0.26241186232042646,0.21895635930139412,0.1887977600571138,0.23726806129406303,0.22005360749821395,0.24224201351475222,0.2666602809353024,0.20281958064747935,0.1969448800748195,0.2244146972032232
76,0.22749345938962737,0.14050415378388087,0.20217995930527358,0.15636730794316983,0.11423904023755699,0.2402440933400057,0.16205012576803726,0.12483937962406147,0.14561881788988315,0.11218979965655107,0.18973960634158812,0.1523830432102617,0.20355039748077455,0.164461555947143,0.16617107153756575,0.21276915362652582,0.16901545114405822,0.13945799551893628,0.18787115506103566,0.17078202739765974,0.19357724866485018,0.21706852945198193,0.1537376150759905,0.14750730142109275,0.17518571809314845
77,0.42768787193415003,0.34069856632840356,0.40237437184979624,0.35656172048769247,0.3144334527820797,0.41719441254452266,0.36224453831255987,0.3250337921685841,0.34581323043440587,0.3123842122010737,0.38993401888611084,0.35257745575478433,0.40374481002529716,0.3646559684916657,0.36636548408208836,0.41296356617104846,0.3692098636885809,0.3396524080634589,0.3880655676055583,0.37097643994218243,0.39377166120937285,0.41726294199650465,0.3539320276205132,0.3477017139656154,0.37538013063767106
78,0.35840016948962455,0.27843860219996097,0.33033132066731047,0.28479443265569865,0.24115750633094685,0.3500168692848688,0.28962426383191914,0.24809366825243112,0.2926135142901996,0.2361873307341545,0.3258897559277164,0.27737705545727176,0.33545498035168936,0.2930302519449905,0.29347821628679616,0.34245233395543667,0.30579253071414797,0.2756974125483756,0.31466384697643834,0.30908005766519175,0.3221704816576287,0.3480180912505629,0.28070042385428934,0.2757134396505567,0.3003651517822792
79,0.3084275233746283,0.22846595608496473,0.2803586745523142,0.2348217865407024,0.1911848602159506,0.30004422316987256,0.2396516177169229,0.19812102213743485,0.2426408681752033,0.18621468461915824,0.2759171098127201,0.22740440934227546,0.2854823342366931,0.2430576058299942,0.2435055701717999,0.2924796878404404,0.25581988459915167,0.22572476643337935,0.26469120086144204,0.2591074115501955,0.2721978355426324,0.2980454451355666,0.23072777773929304,0.22574079353556048,0.2503925056672829
80,0.25843955395113244,0.17847798666146886,0.23037070512881838,0.18483381711720653,0.14119689079245476,0.25005625374637674,0.18966364829342705,0.148133052713939,0.1926528987517075,0.1362267151956624,0.22592914038922432,0.17741643991877964,0.23549436481319733,0.19306963640649838,0.1935176007483041,0.24249171841694458,0.20583191517565583,0.1757367970098835,0.2147032314379462,0.20911944212669972,0.22220986611913654,0.24805747571207074,0.1807398083157972,0.17575282411206464,0.20040453624378704
81,0.21005134962778865,0.13104494153873675,0.19001240871745376,0.14215847861454867,0.12113352359851512,0.21348604470395358,0.1552908939536013,0.1475776124255154,0.1427492303964877,0.1356712749072388,0.1800592399585492,0.1708513401143386,0.21203038808589958,0.14794354947735092,0.16151309136801476,0.20073297451608368,0.1562257699157436,0.12909431837953766,0.1869050715069708,0.16194353019732272,0.20986868280081813,0.20562121482578175,0.15417684860564385,0.1366167205313651,0.18732954355549056
82,0.20958397461725783,0.13057756652820587,0.18954503370692294,0.14169110360401782,0.12066614858798427,0.21301866969342276,0.15482351894307045,0.14711023741498455,0.12001068029063043,0.13520389989670795,0.17959186494801838,0.1703839651038078,0.21156301307536876,0.1474761744668201,0.16104571635748394,0.20026559950555284,0.15575839490521276,0.12862694336900682,0.18643769649644,0.1614761551867919,0.20940130779028732,0.20515383981525093,0.153709473595113,0.13614934552083421,0.1868621685449597
83,0.20907005081698368,0.1300636427279317,0.1890311099066488,0.14117717980374367,0.12015222478771012,0.21250474589314863,0.1543095951427963,0.1465963136147104,0.11949675649035628,0.13468997609643382,0.17907794114774422,0.16987004130353361,0.21104908927509464,0.14696225066654597,0.1605317925572098,0.1997516757052787,0.1552444711049386,0.12811301956873267,0.18592377269616583,0.16096223138651772,0.2088873839900132,0.20463991601497677,0.15319554979483885,0.13563542172056006,0.18634824474468556
84,0.40905470004127176,0.33004829195221974,0.3890157591309369,0.34116182902803177,0.3201368740119982,0.2119876769043783,0.3542942443670844,0.3465809628389985,0.3194814057146444,0.3346746253207219,0.37906259037203227,0.3698546905278217,0.4089846492242881,0.3469468998908341,0.3605164417814979,0.3997363249295668,0.3552291203292267,0.32809766879302077,0.3859084219204539,0.36094688061080576,0.3989846492242881,0.4046245652392649,0.35318019901912684,0.33562007094484814,0.38633289396897363
85,0.34767541968096877,0.27378209477860704,0.32242053332207493,0.277695966834587,0.2430230110340224,0.21148130155649497,0.2857272614635231,0.25616793389065207,0.2694707568624875,0.24340421548624647,0.3199339165244269,0.28506565879884393,0.33860266110822057,0.2845622323841344,0.2904848319111631,0.3343709544811569,0.29924331003866,0.27066730404919076,0.3133663810883678,0.30399794949310005,0.32519113427045865,0.34004655355386015,0.28025421245767496,0.27034174475362366,0.30599168402253757
86,0.2977737451212537,0.22388042021889204,0.27251885876235993,0.22779429227487197,0.1931213364743074,0.21109570144686454,0.23582558690380812,0.20626625933093706,0.2195690823027725,0.19350254092653144,0.27003224196471187,0.23516398423912888,0.28870098654850557,0.2346605578244194,0.24058315735144808,0.28446927992144183,0.249341635478945,0.22076562948947576,0.2634647065286528,0.25409627493338505,0.2752894597107436,0.29014487899414515,0.23035253789795995,0.22044007019390865,0.25609000946282257
87,0.2746905421805761,0.20079721727821437,0.2494356558216822,0.2047110893341943,0.17003813353362973,0.22088057055372656,0.21274238396313044,0.1831830563902594,0.19648587936209483,0.1704193379858538,0.2469490390240342,0.2120807812984512,0.2656177836078279,0.21157735488374174,0.2174999544107704,0.26138607698076416,0.22625843253826733,0.19768242654879808,0.2403815035879751,0.23101307199270738,0.2522062567700659,0.2670616760534675,0.20726933495728228,0.19735686725323098,0.2330068065221449
88,0.23852235140836764,0.16462902650600592,0.21326746504947375,0.16854289856198584,0.13386994276142128,0.22064468141651386,0.176574193190922,0.14701486561805094,0.16031768858988638,0.13425114721364534,0.21078084825182575,0.17591259052624275,0.2294495928356195,0.1754091641115333,0.181331763638562,0.22521788620855576,0.19009024176605888,0.16151423577658963,0.20421331281576668,0.19484488122049892,0.21603806599785752,0.23089348528125903,0.17110114418507383,0.16118867648102253,0.19683861574993647
89,0.292730088410433,0.21883676350807132,0.26747520205153913,0.22275063556405122,0.1880776797634867,0.2748524184185792,0.23078193019298737,0.20122260262011635,0.21452542559195178,0.18845888421571072,0.26498858525389113,0.2301203275283082,0.2836573298376849,0.22961690111359867,0.2355395006406274,0.2794256232106212,0.24429797876812426,0.21572197277865504,0.25842104981783204,0.2490526182225643,0.2702458029999229,0.2851012222833244,0.2253088811871392,0.2153964134830879,0.2510463527520019
90,0.2427944061989964,0.16890108129663467,0.21753951984010256,0.1728149533526146,0.13814199755205003,0.22509634662147834,0.1808462479815507,0.1512869204086797,0.16458974338051513,0.13852320200427404,0.2150529030424545,0.1801846453168715,0.23372164762624825,0.17968121890216204,0.18560381842919077,0.22948994099918457,0.19436229655668763,0.1657862905672184,0.2084853676063954,0.19911693601112768,0.22031012078848627,0.23516554007188778,0.17537319897570253,0.16546073127165123,0.20111067054056525
91,0.44277737825729574,0.368884053354934,0.4139829720582993,0.37279792541091394,0.3381249696103494,0.4169829720582993,0.38082922003985,0.35126989246697904,0.3645727154388145,0.33850617406257333,0.41503587510075374,0.38016761737517085,0.4089829720582993,0.3796641909604613,0.38558679048749006,0.4179829720582993,0.3943452686149869,0.3657692626255176,0.4069829720582993,0.399099908069427,0.3989829720582993,0.41998297205829926,0.3753561710340018,0.3654437033299506,0.40109364259886454
92,0.3666786216760678,0.2899609663807984,0.3368427673030644,0.2918157492483826,0.24897702316924233,0.34966786640310155,0.29815155507513713,0.2577974501299939,0.3004069093412677,0.2445171117349925,0.3389815127476211,0.28952602725847976,0.33849020480705116,0.2997759958054699,0.3026429468456534,0.3452483734967826,0.3169019801972862,0.28633705237738705,0.32484279876204936,0.32255726676990093,0.32507871356389006,0.34949020480705106,0.290159948687959,0.28308775271436826,0.31350959920245836
93,0.3165852586480736,0.23986760335280422,0.28674940427507023,0.24172238622038844,0.19888366014124817,0.2995745033751073,0.24805819204714297,0.20770408710199972,0.25031354631327357,0.1944237487069983,0.28888814971962695,0.2394326642304856,0.28839684177905694,0.2496826327774757,0.25254958381765924,0.29515501046878845,0.26680861716929205,0.23624368934939294,0.27474943573405514,0.2724639037419067,0.2749853505358959,0.2993968417790569,0.2400665856599648,0.2329943896863741,0.2634162361744642
94,0.26653058205024116,0.1898129267549718,0.2366947276772378,0.19166770962255603,0.14882898354341573,0.24951982677727494,0.19800351544931052,0.1576494105041673,0.20025886971544118,0.14436907210916589,0.2388334731217945,0.18937798763265315,0.2383421651812245,0.19962795617964327,0.20249490721982685,0.24510033387095606,0.21675394057145966,0.18618901275156055,0.2246947591362227,0.22240922714407432,0.22493067393806346,0.24934216518122446,0.1900119090621324,0.18293971308854168,0.21336155957663175
95,0.2504520231949532,0.17373436789968383,0.2206161688219498,0.17558915076726805,0.13275042468812775,0.233441267921987,0.18192495659402258,0.14157085164887934,0.18418031086015324,0.1282905132538779,0.22275491426650657,0.1732994287773652,0.22226360632593656,0.18354939732435532,0.1864163483645389,0.22902177501566806,0.20067538171617166,0.1701104538962726,0.2086162002809347,0.20633066828878638,0.2088521150827755,0.2332636063259365,0.17393335020684442,0.1668611542332537,0.1972830007213438
96,0.20515857899204595,0.12824159222705106,0.212050959130545,0.1505138101760129,0.13232582424114483,0.23301666747500405,0.17810668077041958,0.14114625120189642,0.13456554249743521,0.127865912806895,0.17890551390153048,0.17287482833038226,0.2218390058789536,0.15058331864910188,0.185991747917556,0.2285971745686851,0.15145108753564135,0.12673341779505418,0.20819159983395175,0.16027128813626104,0.2084275146357926,0.23283900587895356,0.17350874975986147,0.15254952931764434,0.19685840027436086
97,0.2047220268287776,0.12780504006378268,0.21161440696727665,0.15007725801274452,0.13188927207787646,0.2325801153117357,0.17767012860715123,0.14070969903862804,0.13412899033416684,0.12742936064362662,0.1784689617382621,0.17243827616711388,0.22140245371568526,0.15014676648583347,0.1855551957542876,0.22816062240541676,0.15101453537237297,0.1262968656317858,0.20775504767068342,0.15983473597299264,0.20799096247252424,0.23240245371568524,0.17307219759659312,0.15211297715437597,0.1964218481110925
98,0.40466756167719276,0.3277505749121978,0.4115599418156918,0.35002279286115967,0.3318348069262916,0.4169455348484151,0.37761566345556635,0.3406552338870432,0.33407452518258196,0.3273748954920418,0.37841449658667725,0.37238381101552903,0.22096527251471762,0.3500923013342486,0.38550073060270273,0.4179455348484151,0.35096007022078807,0.32624240048020087,0.4069455348484151,0.3597802708214078,0.39894553484841516,0.23196527251471763,0.37301773244500824,0.35205851200279115,0.39636738295950763
99,0.34510371392295464,0.27274200407694954,0.33550612764735255,0.28168833167035273,0.24694281938534918,0.3497062712208396,0.29671561269042385,0.25389903469037123,0.2840148359305243,0.24099509481378167,0.3195341954829819,0.28614326841131393,0.22053249457764465,0.286011150531077,0.3026637573361753,0.34528834069860354,0.29720474562698096,0.2698199058385846,0.3248847691557136,0.30336637912497244,0.32511870291132217,0.23153249457764466,0.2891787793928582,0.277442185644491,0.31114059895587853
100,0.30110692116888416,0.22874521132287912,0.29150933489328207,0.2376915389162823,0.20294602663127875,0.30570947846676916,0.2527188199363534,0.2099022419363008,0.24001804317645387,0.19699830205971125,0.2755374027289115,0.24214647565724357,0.22023495974590698,0.24201435777700664,0.2586669645821049,0.30129154794453306,0.2532079528729106,0.22582311308451425,0.28088797640164315,0.25936958637090207,0.28112191015725174,0.231234959745907,0.24518198663878776,0.2334453928904206,0.26714380620180816
101,0.3066372917960372,0.23427558195003215,0.2970397055204351,0.24322190954343537,0.20847639725843176,0.31123984909392216,0.2582491905635065,0.21543261256345383,0.24554841380360692,0.20252867268686425,0.28106777335606453,0.2476768462843966,0.23014689446801426,0.24754472840415967,0.264197335209258,0.3068219185716861,0.25873832350006365,0.23135348371166728,0.2864183470287962,0.26489995699805513,0.2866522807844048,0.23676533037306,0.2507123572659408,0.2389757635175736,0.2726741768289612
102,0.2968047251819691,0.22444301533596403,0.28720713890636707,0.2333893429293673,0.19864383064436367,0.30140728247985404,0.2484166239494384,0.20560004594938575,0.23571584718953886,0.19269610607279616,0.2712352067419964,0.2378442796703285,0.23005002266233224,0.23771216179009158,0.25436476859518986,0.296989351957618,0.24890575688599556,0.22152091709759916,0.27658578041472814,0.25506739038398707,0.2768197141703367,0.2269327637589919,0.24087979065187273,0.2291431969035055,0.26284161021489316
103,0.25671152400084113,0.1843498141548361,0.24711393772523907,0.19329614174823934,0.1585506294632357,0.2613140812987261,0.20832342276831042,0.16550684476825778,0.1956226460084109,0.1526029048916682,0.23114200556086847,0.19775107848920057,0.20267244463992562,0.1976189606089636,0.21427156741406186,0.25689615077649003,0.2088125557048676,0.18142771591647122,0.2364925792336002,0.21497418920285907,0.2367265129892087,0.22656512475313703,0.20078658947074476,0.18904999572237755,0.22274840903376522
104,0.2806834195463965,0.2083217097003914,0.27108583327079444,0.21726803729379465,0.18252252500879101,0.2852859768442815,0.23229531831386582,0.1894787403138131,0.21959454155396627,0.1765748004372235,0.2551139011064238,0.2217229740347559,0.22664434018548094,0.22159085615451893,0.23824346295961726,0.2808680463220455,0.23278445125042294,0.20539961146202654,0.2604644747791555,0.23894608474841442,0.2606984085347641,0.2505370202986924,0.22475848501630005,0.21302189126793283,0.2467203045793205
105,0.44995192613421475,0.4269519261342148,0.41395192613421483,0.41695192613421483,0.4079519261342148,0.41695192613421483,0.41195192613421483,0.4009519261342148,0.4429519261342148,0.40495192613421477,0.4369519261342148,0.40495192613421477,0.4089519261342148,0.4199519261342148,0.4109519261342148,0.41795192613421484,0.4409519261342148,0.42395192613421484,0.4069519261342148,0.4359519261342148,0.3989519261342148,0.4199519261342148,0.4089519261342148,0.41395192613421483,0.4019519261342148
106,0.3707055441096634,0.3126665072388984,0.33684918010304826,0.31076313504847397,0.2704598197256406,0.3496723089981185,0.31239849963596117,0.27540393744506314,0.33163820675867123,0.26414758953784195,0.35037762816311807,0.3002928347502104,0.3384953025459773,0.3178748790011179,0.3147503074390238,0.34525411174959,0.3369847225273532,0.3090721821874231,0.3248501982268121,0.33989661522358455,0.32508447018166536,0.34949530254597727,0.3048384855420875,0.302920713499955,0.3139742922647436
107,0.32041258114405247,0.2623735442732875,0.2865562171374374,0.26047017208286316,0.22016685676002976,0.29937934603250765,0.2621055366703503,0.22511097447945225,0.2813452437930603,0.21385462657223106,0.30008466519750715,0.24999987178459945,0.28820233958036645,0.267581916035507,0.2644573444734129,0.29496114878397905,0.2866917595617423,0.25877921922181224,0.27455723526120124,0.28960365225797363,0.27479150721605455,0.29920233958036635,0.2545455225764766,0.25262775053434405,0.26368132929913274
108,0.2829355467954915,0.22489650992472654,0.24907918278887642,0.22299313773430218,0.1826898224114688,0.2619023116839467,0.22462850232178933,0.1876339401308913,0.24386820944449933,0.1763775922236701,0.26260763084894617,0.2125228374360385,0.25072530523180553,0.23010488168694604,0.22698031012485193,0.2574841144354181,0.24921472521318133,0.22130218487325126,0.23708020091264026,0.25212661790941265,0.23731447286749358,0.26172530523180537,0.21706848822791563,0.21515071618578308,0.22620429495057176
109,0.2319173117367683,0.17387827486600338,0.19860494726214503,0.17197490267557905,0.13167158735274567,0.213285922828263,0.17361342138132324,0.13684113839569118,0.1928499743857762,0.1254490601047357,0.21158939579022298,0.1616349826555975,0.2023418816291807,0.1790866466282229,0.17600098402841252,0.20735779116218722,0.1981964901544582,0.1702839498145281,0.18673085357645727,0.20110838285068952,0.18979624713430876,0.21172042257337073,0.16607172740905324,0.16413248112705991,0.17578903043866856
110,0.23027594929387063,0.1277188813184747,0.19696358481924736,0.16817932858284845,0.130030224909848,0.21164456038536536,0.17197205893842557,0.13519977595279353,0.14166850264485628,0.12380769766183802,0.19036851884935255,0.1599936202126998,0.20070051918628307,0.16381404366517566,0.17435962158551482,0.20571642871928955,0.14812759248528906,0.12652258924591864,0.1850894911335596,0.15850579762884717,0.1881548846914111,0.21007906013047306,0.16443036496615554,0.16249111868416224,0.17414766799577086
111,0.22894857503060004,0.12639150705520408,0.19563621055597674,0.16685195431957783,0.1287028506465774,0.21031718612209477,0.17064468467515495,0.13387240168952294,0.12352755012935514,0.12248032339856742,0.18904114458608196,0.15866624594942919,0.19937314492301247,0.16248666940190507,0.1730322473222442,0.20438905445601896,0.14680021822201844,0.12519521498264802,0.18376211687028898,0.15717842336557658,0.1868275104281405,0.20875168586720247,0.16310299070288495,0.16116374442089165,0.17282029373250027
112,0.2272282559723732,0.33919578328699673,0.1939158914977499,0.37965623055137043,0.3415071268783699,0.20859686706386793,0.1689243656169281,0.34667667792131557,0.33633182636114767,0.33528459963036,0.1873208255278551,0.3714705221812218,0.41217742115480516,0.37529094563369764,0.17131192826401737,0.20266873539779212,0.35960449445381104,0.3379994912144406,0.18204179781206214,0.3699826995973692,0.18510719136991366,0.20703136680897566,0.3759072669346775,0.37396802065268425,0.1710999746742734
113,0.2544855508888931,0.3521807672747479,0.2211731864142698,0.3694221896587109,0.3246878749487699,0.23585416198038783,0.19618166053344802,0.3306866616390063,0.36155726994944376,0.3180828439074999,0.21457812044437496,0.3602689262456382,0.4269327349231083,0.37235506156571896,0.1985692231805372,0.22992603031431197,0.3757553167453895,0.34937802140556007,0.209299092728582,0.38296975725909427,0.21236448628643356,0.2342886617254955,0.3649999081569882,0.36126347619958166,0.19835726959079328
114,0.25058054529161694,0.32902102859261706,0.21726818081699362,0.33628268245809056,0.29042551240568265,0.2319491563831117,0.19227665493617196,0.29601208813089563,0.3450926020919372,0.2838356846380783,0.21067311484709883,0.3266111027358722,0.41401932413544407,0.342360943962362,0.19466421758326113,0.22602102471703583,0.3545200164031493,0.32553107783134055,0.2053940871313059,0.3607136530836805,0.20845948068915743,0.23038365612821937,0.33147459018599085,0.32727531736269105,0.19445226399351723
115,0.21857024048839566,0.29133973115242484,0.21438446943059258,0.293452801026685,0.25054127460457953,0.22906544499671067,0.16026635013295068,0.25452963733479567,0.31020006587243787,0.24423051120271277,0.19770039264414016,0.28326147727324885,0.3597157909039539,0.30036930548686064,0.1635863332768149,0.2231373133306348,0.31691386158110374,0.287562674662638,0.20251037574490488,0.32188188920230976,0.2055757693027564,0.22749994474181834,0.28819158927151156,0.28465464083655895,0.1915685526071162
116,0.21436307579895078,0.2495967332818695,0.21017730474114774,0.2517098031561296,0.20879827673402412,0.2248582803072658,0.15605918544350586,0.21278663946424026,0.26845706800188246,0.20248751333215737,0.19349322795469528,0.24151847940269344,0.315906928960331,0.25862630761630523,0.15937916858737006,0.21893014864118995,0.27517086371054833,0.2458196767920826,0.19830321105546,0.28013889133175435,0.20136860461331152,0.22329278005237346,0.2464485914009562,0.24291164296600354,0.18736138791767132
117,0.20873368095507958,0.19942816898303445,0.20454790989727653,0.20154123885729458,0.15862971243518909,0.21922888546339458,0.15042979059963466,0.16261807516540522,0.21828850370304742,0.1523189490333223,0.18786383311082408,0.1913499151038584,0.265738364661496,0.2084577433174702,0.15374977374349885,0.21330075379731872,0.22500229941171324,0.19565111249324757,0.1926738162115888,0.2299703270329193,0.19573920976944031,0.21766338520850226,0.19628002710212117,0.1927430786671685,0.18173199307380009
118,0.20529884491817982,0.17551855082400006,0.2011130738603768,0.1776316206982602,0.13472009427615464,0.21579404942649485,0.1469949545627349,0.13870845700637083,0.194378885544013,0.12840933087428788,0.18442899707392435,0.167440296944824,0.24182874650246156,0.18454812515843583,0.1503149377065991,0.209865917760419,0.20109268125267885,0.17174149433421318,0.18923898017468904,0.20606070887388492,0.19230437373254058,0.2142285491716025,0.17237040894308678,0.1688334605081341,0.17829715703690036
119,0.41217163567017867,0.3823913415759989,0.4079858646123756,0.38450441145025904,0.34159288502815344,0.4226668401784937,0.35386774531473375,0.3455812477583696,0.4012516762960119,0.3352821216262867,0.3913017878259232,0.37431308769682287,0.41587279075199884,0.39142091591043465,0.357187728458598,0.4167387085124178,0.4079654720046777,0.37861428508621203,0.39611177092668787,0.41293349962588377,0.39917716448453944,0.4211013399236013,0.3792431996950856,0.3757062512601329,0.3851699477888992
120,0.35491291305270356,0.30098093936177706,0.3389372249961373,0.3025025517196459,0.25568322148425104,0.3588632227193618,0.29097294551898256,0.2612451590495366,0.3210322079656256,0.24904918906770915,0.33197033897871797,0.29249954948432955,0.3483091394934005,0.3107043153182244,0.29428193046728135,0.35006485720661995,0.32845295041379186,0.29708909308768594,0.32445184372224856,0.3347029034505261,0.33075644335062915,0.35574410269428347,0.29744946356414537,0.2929557019173097,0.3108363268305707
121,0.3214473148288724,0.2675153411379459,0.30547162677230616,0.26903695349581475,0.22221762326041988,0.3253976244955306,0.2575073472951514,0.22777956082570544,0.28756660974179443,0.21558359084387801,0.2985047407548868,0.25903395126049833,0.3148435412695693,0.27723871709439324,0.2608163322434502,0.31659925898278873,0.2949873521899607,0.2636234948638548,0.2909862454984174,0.3012373052266949,0.29729084512679793,0.3222785044704523,0.2639838653403142,0.2594901036934785,0.27737072860673956
122,0.2753365411919965,0.22140456750107004,0.25936085313543034,0.2229261798589389,0.176106849623544,0.2792868508586548,0.21139657365827558,0.18166878718882956,0.24145583610491853,0.16947281720700214,0.252393967118011,0.21292317762362245,0.26873276763269344,0.23112794345751733,0.2147055586065743,0.2704884853459129,0.24887657855308484,0.21751272122697893,0.24487547186154154,0.25512653158981907,0.2511800714899221,0.2761677308335765,0.2178730917034383,0.21337933005660267,0.23125995496986365
123,0.2385946327145,0.18466265902357354,0.2226189446579338,0.1861842713814424,0.1393649411460475,0.2425449423811583,0.17465466518077907,0.14492687871133303,0.20471392762742202,0.1327309087295056,0.21565205864051445,0.17618126914612592,0.2319908591551969,0.1943860349800208,0.17796365012907778,0.23374657686841643,0.21213467007558834,0.18077081274948242,0.20813356338404504,0.21838462311232257,0.2144381630124256,0.23942582235608,0.1811311832259418,0.17663742157910617,0.19451804649236715
124,0.22722980909380325,0.1504862003047592,0.21125412103723706,0.15200781266262803,0.12800011752535073,0.23118011876046157,0.16328984156008233,0.13356205509063626,0.1705374689086077,0.12136608510880885,0.20428723501981774,0.16481644552542918,0.22062603553450016,0.16020957626120647,0.16659882650838106,0.2223817532477197,0.177958211356774,0.1465943540306681,0.1967687397633483,0.18420816439350826,0.2030733393917289,0.22806099873538327,0.16976635960524505,0.15744236774939754,0.18315322287167043
125,0.21443900440269276,0.13769539561364869,0.19846331634612657,0.1392170079715175,0.11520931283424023,0.21838931406935105,0.1504990368689718,0.12077125039952573,0.13730790882459207,0.10857528041769832,0.19149643032870725,0.15202564083431866,0.20783523084338967,0.14741877157009597,0.15380802181727055,0.20959094855660923,0.15486437581043255,0.13380354933955757,0.1839779350722378,0.17141735970239774,0.1902825347006184,0.21527019404427278,0.15697555491413454,0.14465156305828702,0.17036241818055994
126,0.43391152962807744,0.35716792083903337,0.41793584157151126,0.35868953319690217,0.3346818380596249,0.43647252522538466,0.36997156209435644,0.3402437756249104,0.35678043404997684,0.328047805643083,0.4109689555540919,0.3714981660597033,0.1943542869057904,0.3668912967954807,0.3732805470426553,0.4290634737819939,0.3743369010358172,0.35327607456494226,0.40345046029762244,0.3908898849277824,0.4097550599260031,0.43474271926965746,0.3764480801395192,0.3641240882836717,0.38983494340594466
127,0.3986977501336562,0.3234781824254792,0.37611634575187836,0.322533875735854,0.28482924922758157,0.3990755083838232,0.33006368653830487,0.29067829776599136,0.3441020674554027,0.2781483764613457,0.37384257061237885,0.32268335819695687,0.19714798040721349,0.3308573978036733,0.33365691723353935,0.38885300783909665,0.3495970698855551,0.3194871398761602,0.3599110207220666,0.3555991576188931,0.3684936851409236,0.3955847991329888,0.3276427766148499,0.3195261866832409,0.3446964624686334
128,0.38371310169603606,0.31296273012868236,0.3549026781598379,0.3110472051839246,0.2725039517279705,0.37875334051417914,0.3159909891236403,0.27639222540856,0.33376843399902256,0.26625316457919784,0.3590952530204325,0.30540227459955177,0.19664704615202822,0.31881305305533464,0.31897101986543724,0.36804585522306504,0.33859275248027043,0.3089792093319455,0.3394067720556974,0.34335477403596404,0.34610250908443246,0.37437798661419003,0.31037033331441205,0.3051843132450961,0.32502459189737376
129,0.37701289078391004,0.3069582708213965,0.34617079891703983,0.3050124972932348,0.2665601351906492,0.3690231690562058,0.3099759702220008,0.2703695843433569,0.32772370637420395,0.2602237420376001,0.3530167081609295,0.299178495584723,0.19599211582139575,0.31279625090995467,0.31301360599466665,0.35895631895385766,0.33262449447493686,0.3029889304367394,0.33109434131827414,0.3373091702813066,0.33701046080285924,0.36499106816339166,0.3041486646723863,0.299149061523113,0.31724506002483666
130,0.3570943889509342,0.28690433001112287,0.3264285083214019,0.2849414799732983,0.24716443420750517,0.3485994977540788,0.2903472999526419,0.25070301034533443,0.3070884190020899,0.24048172414799454,0.3329900133742232,0.2793726953090573,0.1918542767694369,0.29277824143023284,0.29365809118148034,0.3389218715629623,0.3125378564511061,0.2830501809893402,0.31131481470444794,0.3168941498053773,0.31716740084626704,0.3451248935882504,0.28418876116328395,0.2791145122161181,0.29782004450390376
131,0.33448486526828486,0.2643818870514554,0.304017763419098,0.26259448538951674,0.2245038270576546,0.32594365624287824,0.26849258994106434,0.22894260992564897,0.28413609224789155,0.2182795980767131,0.31055741302361367,0.25731073416271333,0.187388237155598,0.26989001152564496,0.2713654066456638,0.316534847445359,0.2896540340811922,0.26060768117631405,0.289272485494634,0.29391214146974814,0.2948353659490974,0.32242389008700345,0.26201207770464846,0.2566443441034013,0.27582231302192606
